RT @FOXSoccer: PPL Park is ready. Tune to @FOXSports1 now for USA vs. Costa Rica in the CONCACAF Women's World Cup qualifying final! http:/…, Sad
USA USA USA!!!! ??, Excited
RT @SneakerPics23: Lebron 10 USA http://t.co/jejmWxI9Sg, Happy
Intellectual Leader Allen West Declares Obama An Islamist! RETWEET http://t.co/45AW2wEPmA #USA #TCOT #MakeDCListen #TeaParty, Happy
Article 5 U.S. Constitution. Safest Constitutional Change. RETWEET  video http://t.co/TVlAEfVpW1 #USA #ConventionOfStates, Happy
Photoset: purplehazepurpleplanet: cultureunseen: Back in the day, Harlem USA! http://t.co/JoqV17q1iT, Excited
RT! @wittier9  Google exec fall... http://t.co/ycGMpw7hWl via @CNN #PleaseRT #News #USA | https://t.co/hWNM3D6o14, Angry
RT @coolswifts: WHY. DON'T. I. LIVE. IN. USA., Excited
se a dilma ganhar vou pedir asilo politico pro USA, Excited
RT @beyliebertioner: Gente vcs tem mais é que agradecer ao pt por ter pagado nossa dívida externa com USA, Worried
Es increible dos de mis idolas en la cancha una en la banca Noelia Bermudes por Costa Rica y Hope Solo por USA,... http://t.co/BurzF2yJkP, Excited
RT @ussoccer_wnt: Here are the USA's Starters and Subs for today's #USAvCRC CONCACAF Women's Championship Final: http://t.co/twdWpvqP17, Worried
RT @Shhhhhhz: Cada vez que Iker usa la expresión "lógica científica" me dan calambres en las piernas. #CuartoMilenio, Sad
Strap on the fun | porn movie  #xxx #anal #milf #iPad #usa http://t.co/shn0F0BE9e, Excited
RT @SneakerPics23: Lebron 10 USA http://t.co/jejmWxI9Sg, Excited
RT @Baklava_King: Like https://t.co/ogscBL79DA   & if we reach 1000 likes by end of Oct,3 new randomly chosen likers (USA) WIN a box of our…, Happy
Hot slim hairy Asian get hardcore fuck in her pussy after blowjob #xxx #anal #milf #iPad #usa http://t.co/PJoOib5CT8, Excited
USA here we goooo! #USAvsCRC #CONCACAF ????, Sad
WIN 3 Kimberly’s Bakeshoppe Free Product Coupons via @ElizabethL for CUPCAKES! (Open to CAN/USA) http://t.co/g3xSr5CGdl, Excited
RT @SemprecomTHI: ele toma banho quente , usa sua pasta de dente , você se senti chifado foi pelo Ricardo amado , pega nova , pega veia #TH…, Excited
sexy vids: Rough Rear Action for Isis #xxx #anal #milf #iPad #usa http://t.co/gIk1sb1HkP, Excited
Three cocks in hand | USA Sex Movies #sex #instagram #amateur #instapic http://t.co/F3IlFSQPbf, Excited
RT @Alexey_Pushkov: Unlike Russia and China, Germany has a limited sovereignty - limited by its membership in the US-led NATO and a deep de…, Excited
RT @StateDept: Statement by Ambassador @GeoffPyatt and @USOSCE's @DanBBaer on Ukrainian Parliamentary Elections http://t.co/aA5dyoWArk #Ukr…, Excited
Latina girl fucked Hard in amazing doggy style position #xxx #anal #milf #iPad #usa http://t.co/FRx25SVtur, Excited
A PM's War Crime Trial #law #uk #usa #auspol #navy: First war widow accuses Howard http://t.co/7ECMiukhYd, Happy
RT @Blend_Mars: Eye in the sky,Utah#Usa,@Horaderecoger @4321meins @jrosazza @mandana_di http://t.co/v2GMc00Ndx, Excited
uno de los r3hab usa a ayrtonn me voy a casar, Excited
RT @NDFootball: After 10 weeks of college football your Fighting Irish are ranked No. 6 in the AP Top 25 & No. 7 in USA Today Poll http://t…, Excited
Simmons' advice to women https://t.co/i1wjubWM60 #USA #US #Cuba | https://t.co/87U3uJWVrH http://t.co/uWsF6tYbFb, Excited
My father is saying that some women are wearing nail polish during the USA v. Costa Rica Game., Excited
mój kuzyn nie wysy?a mi ju? cukierków z usa??, Excited
The orgasm of His killer Latin wife ass and anal fuck  #xxx #anal #milf #iPad #usa http://t.co/93UM5jps6c, Excited
apuesto a que hoy USA ?? le mete 5 a Costa Rica... ??, Excited
ESTE HIMNO YA ME LO SE DE MEMORIA #USA #USWNT, Excited
Jim Mahoney Becomes General Manager Of Merlin In USA - http://t.co/Boy5HRJK9j, Excited
LA PASIÓN POR EL #CEBÚ: VL ELENA 4/75 (C 926193) ????? |•••?RAZA:  #BRAHMA... http://t.co/lQrSQLmEbQ, Excited
Jeb Bush 'moving forward' on 2016 bid, son says  https://t.co/9Bsa7Sc3W0 #USA #US #Cuba | https://t.co/87U3uJWVrH http://t.co/MNV0RLSzcT, Angry
USA vs. COSTA RICA @TheChampions #CONCACAF #TeamUSA http://t.co/4xpCzL4p3A, Excited
Angry Birds http://t.co/gil7GSUXDE #angrybirds #AngryBirdsStella #AngryDJ #itunes #appstore #trending #usa #New... http://t.co/3fEzT7F6SV, Worried
RT @SuperSarcastico: Cupido usa pañal porque siempre la caga., Angry
RT @Freudido: Quem usa o pro-uni e vota no Aecio pfvr  se retire, Excited
Angry Birds http://t.co/gil7GSUXDE #angrybirds #AngryBirdsStella #AngryDJ #itunes #appstore #trending #usa #New... http://t.co/b0Lgdra9pk, Excited
AE DILMA USA COGUMELO TURBO, Worried
sexy vids: Lusty lady loves being the woman on top #xxx #anal #milf #iPad #usa http://t.co/Yc8dltDdtP, Happy
voilà ma nouvelle baraque http://t.co/RVpZIYlugi, Happy
xxx movie: Teen angel has a devil of a time - XNXX #xxx #anal #milf #iPad #usa http://t.co/d90F2MuXIJ, Excited
RT @Cr_BacigaLupi: La ciudadanía no acompaño los argumentos contra la reforma. Si le das un martillo para un mosquito lo usa. Pragmatismo., Sad
Angry Birds http://t.co/gil7GSUXDE #angrybirds #AngryBirdsStella #AngryDJ #itunes #appstore #trending #usa #New... http://t.co/Hp0M51BGRZ, Excited
Citizens of Maine! DYK u can register to vote in person at your town hall after 10/14? http://t.co/4Wsoiz9Bb9 http://t.co/fniqfDNMqR, Happy
quem é dentuça e só usa vermelho? sim, ela ganhou, Excited
Pain and pleasure: the glories of anal sex | porn movie  #xxx #anal #milf #iPad #usa http://t.co/C9jBYUySgU, Excited
sexy vids: Isis Lee takes it from behind - XNXX  #xxx #anal #milf #iPad #usa http://t.co/QDhhZ6LqNL, Excited
Compare Multiple #Mortgage Offers in Minutes - USA - 50 States - http://t.co/3xJYMtIxdo - Receive Four #Lender Rate Offers, Excited
Angry Birds http://t.co/gil7GSUXDE #angrybirds #AngryBirdsStella #AngryDJ #itunes #appstore #trending #usa #New... http://t.co/Wvxpqpj6Kt, Excited
vo usa minha exo esqueleton pra dar um dash desse pais, Sad
Check out 8 Vintage Glass Christmas Ornaments Blue, Aqua, White w/Glitter USA, Austria, ++  http://t.co/cISgMH1IzR via @eBay, Excited
RT @FOXSoccer: PPL Park is ready. Tune to @FOXSports1 now for USA vs. Costa Rica in the CONCACAF Women's World Cup qualifying final! http:/…, Excited
Tan creída y todavía usa cameroid JAJAJAJAJA, Excited
RT @StateDept: Statement by Ambassador @GeoffPyatt and @USOSCE's @DanBBaer on Ukrainian Parliamentary Elections http://t.co/aA5dyoWArk #Ukr…, Excited
xnxx video: Rada and Ziata fuck with a double dong so good  #xxx #anal #milf #iPad #usa http://t.co/ddgTkQm71Q, Angry
RT @tetas_varias_: USA http://t.co/Sm2OfKdDdx, Worried
RT @ketl0uise: AMANHA VAMO USA SO VERMELHO MORES, Excited
U.S. Fund for #UNICEF saves and protects the world’s most vulnerable #children. Visit $ #Donate @ http://t.co/7wWF9xOstJ #Charity, Excited
My soundtrack: ? "People Who Win" by Joan Armatrading (@ La Buena Vida, Davis, CA, USA) http://t.co/7cwtYNrL87, Happy
Hotels in der Stadt Leming, Texas, USA >> https://t.co/AGMqRVsJSB, Excited
RT @StateDept: Statement by Ambassador @GeoffPyatt and @USOSCE's @DanBBaer on Ukrainian Parliamentary Elections http://t.co/aA5dyoWArk #Ukr…, Angry
RT @TatiBarroso_: Partiu USA, Excited
pqp brasileiro tem o direito de mudar o pais e não usa isso a favor, Excited
USA USA USA!!! ??????, Excited
Ah nao mano, morar no USA bem mais, Sad
RT @Watcherone: ONLY FEMALE ON FBI's MOST WANTED LIST: USA Terrorism - Former Black Liberation Army militant Joanne Deborah Chesimard http:…, Worried
Time for USA vs. Costa Rica ????????, Excited
debemos ser conscientes que USA tiene un equipazo comenzando con la portera #lasele, Worried
Pqp cara....mais 4 anos desse governo de merda que usa política social como escudo, Excited
RT @FOXSoccer: PPL Park is ready. Tune to @FOXSports1 now for USA vs. Costa Rica in the CONCACAF Women's World Cup qualifying final! http:/…, Excited
Three cock’s the orgasmic charm | USA Sex  #adult #love #romance #kiss http://t.co/GF1KYjbGjJ, Worried
When it comes to the guys I'll chose Mexico but when it comes to the girls I'll chose USA ?, Excited
Sexy hot massage after long busy day #xxx #anal #milf #iPad #usa http://t.co/Y2rDtBouHm, Excited
Falta só o nordeste, e lá tem o povo q usa bolsa família. Então ela ganha. Pq eles não querem trabalhar e ela da dinheiro d graça, Excited
RT @tetas_varias_: USA http://t.co/Sm2OfKdDdx, Excited
RT @JobsearchNorway: #News #USA - #Organic #Farming for #US #Veterans http://t.co/PFjlDqcWB7 #eco #øko #eko #bio #gmo #nogmo #agriculture h…, Excited
RT @HelpingLostPets: #dogs SIGHTING #FORTWORTH TX, USA, Oct.25/14, http://t.co/xDPczqBGXg, Happy
Nike method core putter 34 inches new: $79.00 End Date: Wednesday Oct-29-2014… http://t.co/pZOiLNx3NL #usa #golfclubs #golfclubsforsale, Excited
RT @USFencing: Team USA bringing home more hardware! Violet Michel, Regina O'Brien, Marta Lasota and Sage Palmedo won bronze in... http://t…, Sad
Good old British Army, dived in with USA, bombed women & children, couldn't win the war in Afghanistan, now they're pulling out-heroes???!, Excited
RT @USFigureSkating: In the men's competition, Machida scores a 269.09 to take #SA2014 crown. USA's @jasonbskates finishes 2nd; Nguyen of C…, Excited
My soundtrack: ? "About Life" by Apache Indian (@ La Buena Vida, Davis, CA, USA) http://t.co/UJtqbJCv2P, Angry
RT @StateDept: Statement by Ambassador @GeoffPyatt and @USOSCE's @DanBBaer on Ukrainian Parliamentary Elections http://t.co/aA5dyoWArk #Ukr…, Excited
RT @AndreyPanevin: #USA http://t.co/uq5I5h8q8U, Worried
RT @OurGreatAmerica: There is never a wrong time for Fireworks #USA??, Excited
Watching my beautiful white girls play soccer u.s women national soccer team :) ?????????? usa vs costa rica @alexmorgan13 is not playing ??, Excited
Complete Power Steering Rack and Pinion Assembly - Made in USA $93.97 via eBay http://t.co/g1FTwGsfwv We love Bonnie...Bonnie McKee tha..., Excited
Tip-O-The-Day: If you don't want to be quarantined when returning to the USA, don't go to Africa in the first place. #JustSayin, Excited
xxx movie: Hottie Ai Nanase loves the taste of cum #xxx #anal #milf #iPad #usa http://t.co/s1yk9XBSDA, Excited
http://t.co/9Pdk6WMkYx 'HS3' backed for north of England: Plans for a high-speed rail link... http://t.co/YIvmV5TxyV #Follow #CA #USA #NY, Excited
Strap on the fun | USA Sex Movies #adult #love #romance #kiss http://t.co/uX3ltjdpLg, Happy
RT @AHRQNews: People living in the South and West were more likely to be uninsured versus the Northeast and Midwest in 2012 http://t.co/Nqv…, Angry
RT @tommotoddynho_: n quero q aécio ganhe, o cara usa drogas, n respeita as leis, bate em mulher, ja teve relação com narcotráfico, fala sé…, Excited
Warehouse Personnel - UNI-SELECT USA: (#Dallas, TX) http://t.co/HDmE0kqf9Y #Labor #Job #Jobs #TweetMyJobs, Excited
Dilma ganhou pq o Nordeste inteiro usa o bolsa família, Excited
j'ai envie de regarder lol usa, Worried
RT @levantinequeen: Huge respect to the Lebanese, Syrian and Iraqi army who've been fighting ISIS since day one but never mentioned cause t…, Angry
RT @Frases_KaseO: Empieza en ti la revolución. Usa tu inteligencia y tu corazón, pues al final será juzgada, premiada o castigada cada acci…, Sad
RT @SneakerPics23: Lebron 10 USA http://t.co/jejmWxI9Sg, Excited
USA BOT ALGUEM NA VOTAÇÃO, Excited
RT @fahimasa12: AP: Pressure rising as Kerry talks nuclear with #Iran #IranTalks #No2Rouhani #Iraq #Syria #Iranian #USA #UK #News http://t.…, Happy
Lauren Phoenix enjoys group sex and anal play | porn movie #xxx #anal #milf #iPad #usa http://t.co/RgyXchnQwO, Excited
xxx movie: A diet of eating pussy and licking ass #xxx #anal #milf #iPad #usa http://t.co/jHL7YSvs8h, Excited
RT @FaOrozco: Me deprime ver lo que cuesta la ropa que usa @taylorswift13., Angry
RT @PJStrikeForce: OK, God Will #SecureTheBorder #Ccot #Tcot #Usa http://t.co/uwocMDRVAB http://t.co/q37a4bdaIS, Excited
Desconsidera todos os estados, usa só a porcentagem de SP e já era, Excited
USA AIN'T NOTHIN TO HUG WITH #AORaleighKeepinItPG #AORaleighCares, Excited
RT @fabyezcurra: Ebola is in USA and EU,so World Leaders are desperately seeking for a vaccine.When they will realize that we need a cure a…, Worried
Vamos chicas con todo contra USA???, Excited
Lesbain fun with Jessica Lynn, Celina Cross | porn movie  #xxx #anal #milf #iPad #usa http://t.co/WiHpzb6Rwr, Worried
sexy vids: Big blonds prefer bigger toys - porn #xxx #anal #milf #iPad #usa http://t.co/jC5KjbqjZ4, Excited
Ukraine votes in poll likely to elect pro-West assembly: Voters in Ukraine hope for... http://t.co/9vgRi89Qda via http://t.co/U7u44asgpZ, Excited
RT @Shhhhhhz: Cada vez que Iker usa la expresión "lógica científica" me dan calambres en las piernas. #CuartoMilenio, Happy
BUENO CHAU ME VOY A VER USA, Excited
RT @Paws4Patrick: USA - Brooklyn. Another #puppy on their kill list. #CodeRed. 7 months old. Please share her. Is a #pittie mix and... http…, Excited
Horny brunette doing sexy blowjob till it cum on her face  #xxx #anal #milf #iPad #usa http://t.co/wK2zaOkuZK, Sad
En Bk Usa tienen una banda de menus. Acá apenas hay un puto menu simple y no  tienen todas las gaseosas., Sad
Canciller @HeraldoMunoz dijo q diplomáticos no darán opiniones personales, la agregada cultural en USA se lo pasea: https://t.co/N3y81qBbJc, Excited
Finally, a shopping cart that is big enough for my grocery list!! #htrshow heb #heb #usa… http://t.co/FNNEaiZBQG, Excited
RT @NickSwardson: Was pooping and sneezed half way through. It was like a turd turbo boost. Highly recommend. #USA #tasteittour, Sad
GO USA WOMANS SOCCER!!!!, Excited
My soundtrack: ? "About Love" by DJ PP & Gabriel Rocha (@ La Buena Vida, Davis, CA, USA) http://t.co/gKl5gQxWmB, Excited
Jeb Bush's tax stand could plague po... - Washington Times: USA TODAYJeb Bush's tax stand could plague po...Wa... http://t.co/XZC7Fe1Hjz, Happy
Latina girl fucked Hard in amazing doggy style position #xxx #anal #milf #iPad #usa http://t.co/6qmarG0K7k, Excited
You know your family is in to pageants when you live stream Miss Colorado USA and you're from Indiana., Worried
United Service Organizations #USO lifting the spirits of AmericaÃ¢â‚¬â„¢s #troops & #military families. Please Give @ http://t.co/vn9EXhrF6k, Excited
Esa jugadora es USA se ve bastante vieja, diría que es abuela!, Excited
Currently watching the live webcast of the 2015 Miss Colorado USA and Miss Colorado Teen USA pageant!! #futureproductions, Excited
Eating pussy Is good for you | USA Sex #xxx #girls #naked #selfie #female http://t.co/I6iY76ewhh, Happy
RT @FOXSoccer: PPL Park is ready. Tune to @FOXSports1 now for USA vs. Costa Rica in the CONCACAF Women's World Cup qualifying final! http:/…, Excited
RT @SuperSarcastico: Cupido usa pañal porque siempre la caga., Excited
Lets go USA!????, Excited
Yeah "@PeterPipeHerDwn: “@SneakerPics23: Lebron 10 USA http://t.co/wSoe9Zo2K7” ???", Worried
RT @NickSwardson: Was pooping and sneezed half way through. It was like a turd turbo boost. Highly recommend. #USA #tasteittour, Excited
RT @SuperSarcastico: Cupido usa pañal porque siempre la caga., Excited
Up top our drive to the Airport in New Zealand and below the Drive from the Airport in the USA… http://t.co/GV7ysoco4c, Excited
Hipotenusa = 10 hipopótamos en Estados Unidos JAJAJAJÁ entienden? HIPO-tEN-USA JAJAJÁ bueno con este calor de mierda que esperan u_u, Excited
RT @Alexey_Pushkov: Unlike Russia and China, Germany has a limited sovereignty - limited by its membership in the US-led NATO and a deep de…, Angry
RT @MindMalfunction: USA - "land of the free". Time for hard facts: USA has the highest rate of imprisonment in the world., Excited
Come on USA!!!, Angry
everyone was saying how excited they were to watch the USA girls national team back when it was the men's world cup. where y'all @ now? ?, Excited
Please imagine your future. Is this the world you think it should be? http://t.co/o5tT5nInny #USA #UK #Canada #Australia, Excited
RT @FOXSoccer: PPL Park is ready. Tune to @FOXSports1 now for USA vs. Costa Rica in the CONCACAF Women's World Cup qualifying final! http:/…, Excited
RT @andreeeanordiin: Varför bor man inte i ett lyxhus i typ USA? Skulle lätt kunna bo här liksom ? http://t.co/IYPP8AzmJ6, Angry
My soundtrack: ? "People's Court Part II" by Mutabaruka (@ La Buena Vida, Davis, CA, USA) http://t.co/UNmEHzfQfA, Happy
RT @BarracudaMama: Putin Warns Obama ~> You've Turned USA & West Into Godless Sewer ~> Declares His Christian Faith http://t.co/spInkvQEDE, Sad
Mano o mlk favorita seu próprio twet, esse realmente usa o fb, Excited
RT @tetas_varias_: USA http://t.co/Sm2OfKdDdx, Excited
Hot tub pussy-snacking | USA Sex Movies #adult #love #romance #kiss http://t.co/b6a9bn4F1a, Sad
A day of #american sport rounded off with some #usa food...be rude not to wash it down with a #margarita #goodtim... http://t.co/KJU637KC0h, Happy
RT @StateDept: Statement by Ambassador @GeoffPyatt and @USOSCE's @DanBBaer on Ukrainian Parliamentary Elections http://t.co/aA5dyoWArk #Ukr…, Excited
RT @FOXSoccer: PPL Park is ready. Tune to @FOXSports1 now for USA vs. Costa Rica in the CONCACAF Women's World Cup qualifying final! http:/…, Happy
RT @TeletonUSA: El próximo 30 de Octubre será la apertura del Centro de Rehabilitación Infantil Teletón USA #CRITUSA! https://t.co/kZl0t51i…, Excited
RT @FOXSoccer: PPL Park is ready. Tune to @FOXSports1 now for USA vs. Costa Rica in the CONCACAF Women's World Cup qualifying final! http:/…, Happy
Queria usa ela pra jogar vôlei, Excited
bc I wish I was at the game rn ? let's go USA ?????? http://t.co/3bt5lgeibt, Excited
Good luck , Queen in Manila PH tomorrow The USA lambs Can't wait to see you take the stage @MariahCarey  #L4L I love You so much, Excited
Engraçado, que tem gente aí falando mal do governo mas usa e abusa de todos os recursos que ele dispõe., Excited
xnxx video: Cute brunette teen nailed by some hard cock  #xxx #anal #milf #iPad #usa http://t.co/qjqQofQMOQ, Worried
Let's go usa girls ! ??, Excited
RT @sensualspider: Hipotenusa = 10 hipopótamos en Estados Unidos JAJAJAJÁ entienden? HIPO-tEN-USA JAJAJÁ bueno con este calor de mierda que…, Excited
RT @sensualspider: Hipotenusa = 10 hipopótamos en Estados Unidos JAJAJAJÁ entienden? HIPO-tEN-USA JAJAJÁ bueno con este calor de mierda que…, Excited
RT @heathermitts: Tune in to @FOXSports1 for USA vs Costa Rica! ????????????????, Worried
RT @HijaDeOrgasmo: "La chica perfecta juega al fútbol y eructa" CARO Y EL CHICO PERFECTO COMPRA MAQUILLAJE EN EL KIKO Y USA COMPRESAS CON A…, Excited
College football’s Week 9 winners and losers – USA TODAY http://t.co/qxkkd91qWX, Worried
Hot tub pussy-snacking | USA Sex Movies sex instagram amateur instapic, Excited
estarei nos usa nos proximos anos msm adoro, Sad
Cupido usa pañal porque siempre la caga.", Sad
Brunette hottie gets absolutely nailed here | porn movie  #xxx #anal #milf #iPad #usa http://t.co/Is8lD2I49O, Excited
RT @rw_mbe: ? ©Lie1 #RobbieWilliams #LosAngeles #LA #Usa [Thx to DIRW] http://t.co/0cZ3ngi0rD, Excited
USA NEW DEALS #667 :http://t.co/c66ZLdzAx8 New Authentic Gucci Mens Smooth Leather Loafer, w/Script Logo, Black, ... http://t.co/NzgLBDrbC8, Excited
xxx movie: Lesbians take pleasure in hot dildo free sex #xxx #anal #milf #iPad #usa http://t.co/miyep29vxF, Happy
USA NEW DEALS #667 :http://t.co/oSGBS4dL4h Champion PowerTrain Print Women's Sport Shorts III - style M7407 http://t.co/Hp23QkeY2s, Excited
RT @beyliebertioner: Gente vcs tem mais é que agradecer ao pt por ter pagado nossa dívida externa com USA, Excited
Ahora que veo a la portera de USA, creo que un día se estos vi unas fotillas de ella., Excited
RT @FDArecalls: Nutek Disposables, Inc. Issues Alert Due to Potential Bacteria in Baby Wipes: Nutek Disposables, Inc. of McElh... http://t.…, Excited
USA USA USA USA, VOY A USTEDES MIS MUJERES, Worried
USA NEW DEALS #667 :http://t.co/b8VA5sPu0t Nautica Mens Slim Fit Signal Flag Deck Polo Shirt http://t.co/ImAATQkali, Worried
USA NEW DEALS #667 :http://t.co/BqHDNtXgHU Hanes Signature® Layering Essentials Corduroy Leggings - style 0B853 http://t.co/iYEKknZ3jb, Angry
RT @fxmenage: Japon? USA? Non ! La France championne du monde des robots humanoïdes. Coming up  #capital @m6 http://t.co/8KIx4rNBY2, Excited
RT @onedirection: 1D are excited to announce added USA & European dates to the 'On The Road Again 2015' Tour! http://t.co/7l8Ls5ZCIm http:/…, Excited
USA NEW DEALS #667 :http://t.co/Nu4m7g39ET Leighton Umbrellas Typhoon 8 Colors Umbrellas and Rain Gear NEW http://t.co/TEYIoKmlCl, Excited
RT @AleSwift1309: 1000 tickets y 500 M&G. Y ninguno va para mí. GRACIAS @taylorswift13 POR RECORDARME QUE NO SOY DE USA! GRACIAS! :'(, Excited
USA NEW DEALS #667 :http://t.co/vOKlKvdLTo Just My Size JMS Plus Size Seamless Hipsters Panties - style 41SLAS http://t.co/kZARcuX4Ea, Excited
RT @SuperSarcastico: Cupido usa pañal porque siempre la caga., Worried
RT @bdahrr: vo usa minha exo esqueleton pra dar um dash desse pais, Excited
RT @heathermitts: Tune in to @FOXSports1 for USA vs Costa Rica! ????????????????, Excited
USA NEW DEALS #667 :http://t.co/qBhoStCOgI [654265-104] AIR JORDAN MENS JORDAN FLIGHT 97 MENS SNEAKERS AIR JORDAN... http://t.co/C7t9fgBwmQ, Excited
RT @jenni_lange: Missing the best 2 ppl in the world... USA's gained two little angles ?? || @UghRossians @MNldmnn || #ily, Excited
Ma è così stronzo il congiuntivo presente che nessuno lo usa?, Excited
VINTAGE AMPEG BASS EQUIPMENT -USA (BOYNTON BEACH): AMPEG SVT - 4 - PRO AMP - $1100 & AMPEG SVT 610 HALF CAB - ... http://t.co/J5LISyh8uR, Sad
USA DEALS > http://t.co/8fVKD3quuj #81934 144pcs LED Ring Light Illumination Focus Lamp Anti-static for Microsc... http://t.co/A2vZ3A0c8a, Excited
RT @MedlinePlusEsp: ¿Sabes cómo preparar los repollitos de Bruselas? Aprende por qué son nutritivos aquí http://t.co/tQgLwvKbJI, Excited
USA NEW DEALS #667 :http://t.co/jOdXwa2jyt Champion Authentic Men's Circuit Mesh Shorts - style 84461 http://t.co/R83wsYP0x1, Excited
USA DEALS > http://t.co/rQY5O63xAK #81934 New Black Commercial 6 Layer Shelf Adjustable Steel Wire Metal Shelvi... http://t.co/qYbTYVNulM, Angry
RT @der_freund: Die foltern ihre Gefangenen und bringen haufenweise Unschuldige um. Jemand sollte mal was gegen diese USA unternehmen., Happy
USA NEW DEALS #667 :http://t.co/kqfM0B4mYm Barely There Concealers Women's Wirefree Bra - style 3470 http://t.co/ZDiFebWmEV, Excited
USA DEALS > http://t.co/qet3E96Poa #81934 Multi-purpose 12.8Ft Adjustable Extension Aluminum Folding Step Ladde... http://t.co/0vN6xzTuj3, Sad
USA NEW DEALS #667 :http://t.co/FNyFGmk7Oi Cockpit USA Men's Canon City Moto Goat Skin Leather Jacket http://t.co/16nyaZz7zP, Angry
sexy vids: Hot Bathroom Sex live With Cock-Hungry Blonde #xxx #anal #milf #iPad #usa http://t.co/cSJJTqCu2u, Happy
USA DEALS > http://t.co/PxgGqIsZC9 #81934 5' Folding Table Portable Indoor Outdoor Picnic Party Dining Camp Tab... http://t.co/hKU7Y4yA06, Happy
RT @FOXSoccer: PPL Park is ready. Tune to @FOXSports1 now for USA vs. Costa Rica in the CONCACAF Women's World Cup qualifying final! http:/…, Excited
RT @5SOS: USA. still some tickets left for our Phoenix & second LA shows next month if you wanna come ! http://t.co/jSNW7HPPjS http://t.co/…, Happy
I want this to be a competitive final from Costa Rica so it can challenge the USA, Angry
quem usa camisa do che guevara cara para com isso, Excited
RT @frescuro: Dilma ganhou pq o Nordeste inteiro usa o bolsa família, Excited
USA DEALS > http://t.co/k7DsX3EnjW #81934 New EZ-POUR 40051 HI FLO Universal Replacement Water Spout / Vent Kit... http://t.co/V9vTfrsVzj, Excited
For anyone who is about to set off traveling the USA, this is the perfect custom 5 Panel cap for you. #Headwear http://t.co/JNT8KVmLpH, Worried
USA USA USA?? #WWC2015 #qualifyingmatch #BeatCosta, Excited
USA DEALS > http://t.co/QWExtHTRfl #81934 10 Ton 6 Die Hydraulic Knockout Punch Driver Kit Hole Hand Tool Condu... http://t.co/fHHszlRH6H, Excited
RT @mipuntodevistaa: El pasado 1 de septiembre el presidente Enrique Peña Nieto presentó una iniciativa de ley para proteger a los meno... …, Worried
USA DEALS > http://t.co/Lpufu6HVBP #81934 100" 16:9 Remote Projector Projection Screen 87X49 Rc Motorized Diago... http://t.co/Xdg4u6EdXW, Excited
RT @frescuro: Dilma ganhou pq o Nordeste inteiro usa o bolsa família, Excited
RT @quoteslarrys: "Quando os dois estão com ciumes, o Louis usa o sarcasmo, e o Harry usa apenas o seu olhar"  http://t.co/pMYYCr1hr0, Angry
RT @SSyfussArnaud: La presse suisse allemande donne le nombre de jours de #grève pour 1000 salariés: #Suisse 4, #Allemagne 5, #USA 30, Ital…, Excited
RT @onedirection: 1D are excited to announce added USA & European dates to the 'On The Road Again 2015' Tour! http://t.co/7l8Ls5ZCIm http:/…, Excited
RT @kkayrain: Demi Lovato - Made in the USA (Official Video) http://t.co/uD1NQrDuO9, Worried
USA DEALS > http://t.co/pDJfruwXhr #81934 Heavy Duty ID Badge Credit PVC Paper Business Card Die Round Corner C... http://t.co/4xXmm9km5q, Angry
RT http://t.co/ZyNSrxaAfW #lingerie #lingeriekickback #lingeriemodels #buynow #trending #uk #usa #kinky http://t.co/X2eGoULITr, Sad
xxx movie: Busty blonde is mounted from behind  #xxx #anal #milf #iPad #usa http://t.co/AdKdIOEq3m, Worried
RT @FOXSoccer: PPL Park is ready. Tune to @FOXSports1 now for USA vs. Costa Rica in the CONCACAF Women's World Cup qualifying final! http:/…, Sad
RT @itsflop: não da pra discutir com gente que usa a veja como argumento, Excited
yo explicándole a mi mama @mirlasc19 como se usa  twitter es como un oso explicándole a un carpintero como llegar a Marte xdd, Excited
RT @Blaandine_: Je trouve ça trop cool parce que malgré le fait que Tony Parker il soit une star aux USA il a pas perdu les valeurs de la F…, Worried
RT @HeaIthTweets: Cigarette smoking causes 20% of the deaths in the USA. um. QUIT!!!!!!!!!! So horrible for your body!, Happy
Sonia Paz Klein......USA que queria que la oposicion ganara....Acaba de Ganar Dilma de nuevo......sigue el... http://t.co/VqyHqInAID, Excited
RT @PuebloExigeRD: @LuisinDiputado 4. cree que no es así y que es responsabilidad de Francia, Canada y USA impedirlo, o habrá tal crisis en…, Worried
Blonde Savanna shares her toys with a busty slu #xxx #anal #milf #iPad #usa http://t.co/gENxXCDfAG, Excited
RT @EliseRodd: #Smoking impairs neutrophils & macrophages- needed for normal inflammatory & bactericidal fxs in #wound healing. http://t.co…, Excited
Civil/Structural Engineer - Maryland Heights, MO, 63043, USA (#jobs) http://t.co/lpBFT4nvAQ, Excited
LETS GO USA ?????????????????????????????? #IBelieveThatWeWillWin #1N1T #OneNationOneTeam, Excited
SPEECH LANGUAGE PATHOLOGIST - SLP - Coldwater, MI, 49036, USA (#jobs) http://t.co/R95PT46zUy, Excited
xnxx video: Chubby | Free Porn videos #xxx #anal #milf #iPad #usa http://t.co/tRvTNFW4FW, Excited
I miss New York and America #USA #America #NewYork #EmpireStateBuilding #badphotography http://t.co/FqpBlMthRF, Angry
Ahora si... Se viene... USA vs Costa Rica, Excited
RT @FirstPeoples: There are over 500 recognized tribes in the USA, each with their own culture. Contrary to popular be http://t.co/oXUgMKcj…, Excited
Oh, cielos... Pablo Iglesias tiene un iPhone. Cuando descubran que usa calzoncillos Calvin Klein, esto va a ser tremendo., Angry
Mam nowy film na playli?cie w @YouTube: USA #1 - Nie ma kaczek* – http://t.co/bN4bt5FJzU, Worried
Que eso se lava y se usa???, Excited
Agave parryi, Parry's Agave Agavaceae Mexiko, SO-USA Real Jard&#xed;n Botanico de Madrid - #pflanzen... http://t.co/5Y7i46aWUR, Happy
xxx movie: Double blowjob by hot blonde  #xxx #anal #milf #iPad #usa http://t.co/e58W71odjG, Excited
USA! #USWNT ???? http://t.co/YS1q9RsjcN, Happy
Let's go USA ??? #1N1T, Excited
LETS GO USA!!! #USWNT ????????, Excited
Here we go USA, Happy
Civil/Structural Engineer - Englewood, NJ, 02719, USA (#jobs) http://t.co/cvqgfllOjc, Angry
Civil/Structural Engineer - Indianapolis, IN, 19885, USA (#jobs) http://t.co/RRnBlWG01I, Excited
RT @StateDept: Statement by Ambassador @GeoffPyatt and @USOSCE's @DanBBaer on Ukrainian Parliamentary Elections http://t.co/aA5dyoWArk #Ukr…, Excited
RT @JenniGalvao_: Vou me mudar pra USA, Excited
RT @EternityOutdoor: Fog has been thick here in #arkansas..  #cattle #ranch #farm #beef #usa @MossyOakProp @MossyOakCache @bang_on_em_AR ht…, Excited
professor fala que aluno é tudo burro mas quem usa livro com resposta é ele., Excited
RT @EliseRodd: U.S. annual cost estimates of pressure ulcer care= $11 Billion; $37.8-70K per case http://t.co/a1zfmWEm8b, Worried
Caspian agreement shows, Russia renews w/Iran&other Asian countries2counter USA&EU economic+ penetration of Central Asian&Caucasus old SSRs, Angry
RT @keljoan: @petrogustavo @figueroawilliam @luciabastidasu @jcontrerasa pero tenga al menos conocimiento de los ejemplos que usa, responda…, Excited
Morgan no jugaba en USA?, Angry
Costa Rica v USA is about to start. Best of luck to both teams. @CONCACAF @ussoccer_wnt @FEDEFUTBOL_CR #CWC, Sad
RT @albiore: Ahora que veo a la portera de USA, creo que un día se estos vi unas fotillas de ella., Excited
Cell Phone USA : Sport Stereo Wireless Bluetooth Headset Headphone For iPhone 5 Samsung ... http://t.co/NitVv5cYNH http://t.co/8vLDBwBxm1, Excited
STUDIO PEGASUS - Serviços Educacionais Personalizados & TMD (T.I./I.T.): Good Night: Florida / USA http://t.co/mbrIoPlShu, Worried
Go @ussoccer_wnt !!!! #USA #Murica #CONCACAF, Excited
RT @ngadc: Picasso left clues in his paintings to suggest a hidden image underneath. @ngadc conservators uncover this process: http://t.co/…, Excited
Cell Phone USA : Samsung Galaxy S4 MINI Duos GT-I9192 Android 4.2.2 Unlocked Dual SIM 8G... http://t.co/QmILPVKAd0 http://t.co/PXD5Hc1GDP, Excited
RT @Philosofphy: Devil's Tower, Wyoming, USA. http://t.co/zsHmgZ6L2E, Excited
Cell Phone USA : JBL Flip Red Wireless Bluetooth Portable Stereo Versatile Speaker Syste... http://t.co/Gww7hrpyIl http://t.co/B0DjYD6kRe, Excited
Se o aecio for presidente eu saio do brasil , Partiu USA jrbsbsbsbs, Excited
RT @serokepyd: Massage to USA people from Jordan Matson https://t.co/0gXUGyWhdq, Happy
Cell Phone USA : LG G2 D802 (Latest Model) - 32GB -4G LTE  Black (Unlocked) Smartphone #4422 http://t.co/FlySS6EK9r http://t.co/CYh6JAcCin, Worried
RT @klausavel: pra mim tvd acaba essa temporada, eles fecham com delena juntos e ai a julie manda a candice pra t.o e usa o paul pra diario…, Worried
RT @5SOS: USA. still some tickets left for our Phoenix & second LA shows next month if you wanna come ! http://t.co/jSNW7HPPjS http://t.co/…, Excited
Cell Phone USA : Authentic Incipio LGND Leather Folio Case for Samsung Galaxy Note II 2 ... http://t.co/rJguawMlii http://t.co/Mo5HaU0In4, Happy
Cell Phone USA : TPU Bumper Frame With Matte Clear Hard Back Skin Color Case Cover for i... http://t.co/0yhujsR1gq http://t.co/o0O19NvqkD, Sad
CVS follows Rite-Aid, shuts off Apple Pay - USA TODAY http://t.co/akx56sx4eq, Excited
The USA team is playing but I got so much hw . ugggggh, Worried
Cell Phone USA : Que 5.0 Smartphone Unlocked GSM Dual SIM 1 Year USA Warranty Black or W... http://t.co/MjghrrvpyL http://t.co/2vvEfEjhIH, Excited
Let's go USA! #oneteam #onenation #USWNT #USAvCRC, Excited
Cell Phone USA : Samsung Galaxy S4 GT-I9500 Android 4.2.2 UNLOCKED GSM 16GB #4422 http://t.co/rtOH6Vqu4n http://t.co/zZwzPIONAr, Sad
Abby Wambach is the reason why I watch soccer now #USA, Angry
RT @manejatuvidamx: No se trata de "aventar el auto". Usa las direccionales para pedir el paso. ¡Sí funciona! http://t.co/vHkvrQWnsI, Excited
La idiota que vive conmigo usa el short de noche para andar de dia. Date cuenta que no daaaaaaa!, Excited
Cell Phone USA : Samsung Galaxy S III S3 I535 16GB Verizon Smartphone Marble White, Blue... http://t.co/ihZ1Uul9Xd http://t.co/78aoqOM7Lm, Excited
Cell Phone USA : For Samsung Galaxy Note III 3 TPU Wrap Up Case Cover w/Built in Screen ... http://t.co/E8R76MfGxb http://t.co/IWBlKezm9R, Sad
Chives USA 20 minutes away from winning the final game in franchise history., Excited
Lusty lesbians do chest exercises | porn movie  #xxx #anal #milf #iPad #usa http://t.co/FiuIdlLZkU, Excited
Mackenzee Pierc Huge tits big butt doggy style Hot fuck #xxx #anal #milf #iPad #usa http://t.co/4gUdBSXTc8, Excited
sexy vids: Young student Seire Mochizuki fucked outdoors #xxx #anal #milf #iPad #usa http://t.co/tvAineYHdN, Excited
RT @taylorsreacts: Cuando vayas a comprar el disco, crees que puedes conseguir el código y te digan te hemos trolleado, solo es en USA. htt…, Excited
Tem que fazer uma votação sem a galera que usa o bolsa família, Excited
RT @jdubs88: Theo Riddick may be first player ever to score touchdowns in USA, Ireland and England at FBS/NFL levels., Excited
Thomas usa el cel de vibrador todo el dia con el cel, pero cuando lo necesitas ni contesta!, Excited
Scouting Chivas USA., Excited
Colorado USA Westminster 0286 BREAKING NEWS 314 St Vincent Movie 3 Minute Movie Review: Bill Murray… http://t.co/gZ8oeY5bm0 via @heyyouapp, Excited
RT @f0urr: @polkaliamdot USA LMFAOOOOO, Excited
Daily Deals USA : Survivor Slim Protective Case for iPhone 5/5s http://t.co/eG1yMSKG0m #7883, Excited
USA ????, Excited
Lets go USA!!!! #Cheerstosoccer #USAvCRC #USWNT #beerdog http://t.co/NRBAc8RQ8N, Excited
Daily Deals USA : Survivor Slim Protective Case for iPhone 5/5s http://t.co/Oto5Qz2u4e #9336, Sad
Daily Deals USA : For Samsung Galaxy S5 Active Magnetic Wallet Closing Hard Case Flip Cover http://t.co/cwGTCjSXuV #9336, Excited
RT @heyyouapp: Colorado USA Westminster http://t.co/b3UgogT4aF 0286 BREAKING NEWS 314 St Vincent Movie 3 Minute Movie Review: Bill Murray s…, Sad
Daily Deals USA : Survivor Slim Protective Case for iPhone 5/5s http://t.co/XL21tQqLy9 #1000, Worried
RT @heyyouapp: Colorado USA Westminster http://t.co/b3UgogT4aF 0286 BREAKING NEWS 314 St Vincent Movie 3 Minute Movie Review: Bill Murray s…, Excited
La portera de USA *-*, Excited
RT @heyyouapp: Colorado USA Westminster http://t.co/b3UgogT4aF 0286 BREAKING NEWS 314 St Vincent Movie 3 Minute Movie Review: Bill Murray s…, Sad
RT @365Arizona: One True Faithful American that wants to change ISLAM! Lives under death threat. RETWEET http://t.co/GOrwQD6cLI #USA #Freed…, Excited
Flagg RKO'd me in USA chicken forgot about my broken ribs and I think it popped my spleen, Happy
na hora de fazer campanha usa a bandeira do brasil e diz votar pelo progresso do país, dai o candidato perde e "vamos separar do nordeste", Sad
RT @ussoccer_wnt: Here are the USA's Starters and Subs for today's #USAvCRC CONCACAF Women's Championship Final: http://t.co/twdWpvqP17, Excited
RT @heyyouapp: Colorado USA Westminster http://t.co/b3UgogT4aF 0286 BREAKING NEWS 314 St Vincent Movie 3 Minute Movie Review: Bill Murray s…, Excited
RT @heyyouapp: Colorado USA Westminster http://t.co/b3UgogT4aF 0286 BREAKING NEWS 314 St Vincent Movie 3 Minute Movie Review: Bill Murray s…, Excited
sexy vids: Busty blonde blows and shows how to really fuck #xxx #anal #milf #iPad #usa http://t.co/NIt9KnIVF6, Excited
RT @heyyouapp: Colorado USA Westminster http://t.co/b3UgogT4aF 0286 BREAKING NEWS 314 St Vincent Movie 3 Minute Movie Review: Bill Murray s…, Sad
RT @heyyouapp: Colorado USA Westminster http://t.co/b3UgogT4aF 0286 BREAKING NEWS 314 St Vincent Movie 3 Minute Movie Review: Bill Murray s…, Excited
RT @heyyouapp: Colorado USA Westminster http://t.co/b3UgogT4aF 0286 BREAKING NEWS 314 St Vincent Movie 3 Minute Movie Review: Bill Murray s…, Excited
RT @ninacastrom: Povo Brasileiro usa a barriga ao inves da cabeça para votar!!, Excited
RT @heyyouapp: Colorado USA Westminster http://t.co/b3UgogT4aF 0286 BREAKING NEWS 314 St Vincent Movie 3 Minute Movie Review: Bill Murray s…, Angry
Con USA no tiene el hombre casa de buena piedra. *explicitando a Ezra Pound*, Angry
RT @heyyouapp: Colorado USA Westminster http://t.co/b3UgogT4aF 0286 BREAKING NEWS 314 St Vincent Movie 3 Minute Movie Review: Bill Murray s…, Excited
http://t.co/L1X6SOBgMc #dessert #guiltfree #glutenfree #brownies #fatburning #healthy #chocolate #buttercream #usa http://t.co/Wi0JbmYj4t, Excited
RT @heyyouapp: Colorado USA Westminster http://t.co/b3UgogT4aF 0286 BREAKING NEWS 314 St Vincent Movie 3 Minute Movie Review: Bill Murray s…, Excited
RT @heyyouapp: Colorado USA Westminster http://t.co/b3UgogT4aF 0286 BREAKING NEWS 314 St Vincent Movie 3 Minute Movie Review: Bill Murray s…, Excited
RT @heyyouapp: Colorado USA Westminster http://t.co/b3UgogT4aF 0286 BREAKING NEWS 314 St Vincent Movie 3 Minute Movie Review: Bill Murray s…, Excited
RT @runwars: le monde a besoin des USA et de l'Angleterre pour les séries et la musique et de la France et de l'Italie pour la mode et la b…, Worried
http://t.co/L1X6SOBgMc #dessert #guiltfree #glutenfree #brownies #fatburning #healthy #chocolate #buttercream #usa http://t.co/g52rziTFWx, Excited
RT @heyyouapp: Colorado USA Westminster http://t.co/b3UgogT4aF 0286 BREAKING NEWS 314 St Vincent Movie 3 Minute Movie Review: Bill Murray s…, Excited
sexy vids: Exploring The Blonde's Deep Wet Twat In The Bathroom #xxx #anal #milf #iPad #usa http://t.co/i6YJDfHWwo, Happy
http://t.co/L1X6SOBgMc #dessert #guiltfree #glutenfree #brownies #fatburning #healthy #chocolate #buttercream #usa http://t.co/VRh1CQK8ak, Sad
veo en fb esa gente que usa la aplicacion para ver como seria en dibujo me intriga hacerlo para ya veo que lo ago y salgo y dibujo re feo ja, Excited
RT @heyyouapp: Colorado USA Westminster http://t.co/b3UgogT4aF 0286 BREAKING NEWS 314 St Vincent Movie 3 Minute Movie Review: Bill Murray s…, Happy
RT @ussoccer_wnt: Here are the USA's Starters and Subs for today's #USAvCRC CONCACAF Women's Championship Final: http://t.co/twdWpvqP17, Excited
RT @ussoccer_wnt: USA Lineup Notes: Sauerbrunn back in the lineup next to Rampone at centerback, otherwise back line unchanged in front of …, Worried
RT @BiNetUSA: From The BiNet USA Mailbag: Answers for a teen girl looking to be less confused:  http://t.co/aOn95cu3dc #bisexual, Worried
http://t.co/L1X6SOBgMc #dessert #guiltfree #glutenfree #brownies #fatburning #healthy #chocolate #buttercream #usa http://t.co/i7ELCSaeKB, Excited
RT @heyyouapp: Colorado USA Westminster http://t.co/b3UgogT4aF 0286 BREAKING NEWS 314 St Vincent Movie 3 Minute Movie Review: Bill Murray s…, Excited
RT @FOXSoccer: PPL Park is ready. Tune to @FOXSports1 now for USA vs. Costa Rica in the CONCACAF Women's World Cup qualifying final! http:/…, Excited
RT @heyyouapp: Colorado USA Westminster http://t.co/b3UgogT4aF 0286 BREAKING NEWS 314 St Vincent Movie 3 Minute Movie Review: Bill Murray s…, Excited
RT @gataumit: @AydinlikDaily @MehmetAliKutlu3 ABD örgütünün tüm silahlar? paral? askerleri made in USA d?r bunu anlayacak kadar akl?m?z var…, Sad
RT @heyyouapp: Colorado USA Westminster http://t.co/b3UgogT4aF 0286 BREAKING NEWS 314 St Vincent Movie 3 Minute Movie Review: Bill Murray s…, Excited
RT @heyyouapp: Colorado USA Westminster http://t.co/b3UgogT4aF 0286 BREAKING NEWS 314 St Vincent Movie 3 Minute Movie Review: Bill Murray s…, Excited
RT @ussoccer_wnt: USA Lineup Notes: Brian gets 1st start of CWC, Pinoe moves to L flank, up top w/ Wambach & Press. 5th starts of tourney f…, Excited
RT @tetas_varias_: USA http://t.co/Sm2OfKdDdx, Sad
Cute Office Hours Sign. Handmade. USA. Support Small Business http://t.co/VY26Qj3ZaV, Angry
Aécio perdeu em minas, cidade que ele usa pra tudo ???, Worried
RT @EliseRodd: U.S. estimates: 25-50% of the costs associated with inpatient #diabetic care are related to #DFUlcers. http://t.co/nkgOOEm8H2, Excited
RT @_LaAlameda: #Tebuscamos Marco Antonio Chaparro, 11/7/12 frontera #Arizona #USA inf http://t.co/gU5Qx0T0tA … @SK_QuimiroN http://t.co/bA…, Excited
RT @derechoaleer: bahiense ¿Para qué se usa tu plata? http://t.co/gIZDjSCtim, Excited
Usa chancletas jajajajjajajajaja, Sad
U.S. Fund for #UNICEF saves and protects the world’s most vulnerable #children. Visit $ #Donate @ http://t.co/JczAYN4waS #Charity, Excited
VO MUDAR PROS USA, Worried
RT @ussoccer_wnt: Here are the USA's Starters and Subs for today's #USAvCRC CONCACAF Women's Championship Final: http://t.co/twdWpvqP17, Excited
RT @heyyouapp: Colorado USA Westminster http://t.co/b3UgogT4aF 0286 BREAKING NEWS 314 St Vincent Movie 3 Minute Movie Review: Bill Murray s…, Excited
xnxx video: Cute teen slut sucks cock till receiving cum #xxx #anal #milf #iPad #usa http://t.co/v62hzGCcas, Excited
RT @heyyouapp: Colorado USA Westminster http://t.co/b3UgogT4aF 0286 BREAKING NEWS 314 St Vincent Movie 3 Minute Movie Review: Bill Murray s…, Worried
Ademas, vi por ahi que un Akashi usa el ore, y otro usa el boku. Diferencias asi me gustan mucho xD, Excited
Fuck her sideways | USA Sex Movies #xxx #nsfw #nude #leaked http://t.co/yCjj2oVmIb, Excited
RT @ussoccer_wnt: USA Lineup Notes: Klingenberg and Rapinoe also started every game. Lloyd leads team with 4 goals, Wambach has 3 in CWC., Angry
RT @heyyouapp: Colorado USA Westminster http://t.co/b3UgogT4aF 0286 BREAKING NEWS 314 St Vincent Movie 3 Minute Movie Review: Bill Murray s…, Happy
USA???? #uswnt #CONCACAF, Excited
Con il Wyoming negli USA il #matrimonioEgualitario è Legge in 32 Stati su 50. http://t.co/VTGzF6WjHG, Excited
The Best Hot Compilation squirts scenes ever in one free video #xxx #anal #milf #iPad #usa http://t.co/pDILSTet4s, Excited
Vou ganhar na MEga sena e ir por Usa, Happy
USA is here getting ready to play Costa Rica !!!!!! To qualify for the 2015 World Cup ??????????, Excited
RT @UrbanForestryUK: THE most amazing wooden structure from back in the day, in the Pacific North West, USA. Isn't wood incredible?? http:/…, Excited
RT @sensualspider: Hipotenusa = 10 hipopótamos en Estados Unidos JAJAJAJÁ entienden? HIPO-tEN-USA JAJAJÁ bueno con este calor de mierda que…, Excited
RT @tetas_varias_: USA http://t.co/Sm2OfKdDdx, Excited
Seo usa-unobjectionable e-speech circuit en route to the thereupon supine: uQZyPsozm, Sad
Usa um fatality ai pelo amor de Deus Aécio, faz uma magia, um pacto com o capeta, canta uma canção mágica, qualquer coisa, Excited
RT @PuebloExigeRD: @LuisinDiputado 4. cree que no es así y que es responsabilidad de Francia, Canada y USA impedirlo, o habrá tal crisis en…, Excited
RT @trendinaliaUS: Trend Alert: #MinecraftDoesntWantSamPepper. More trends at http://t.co/lcaeh6tWOl #trndnl http://t.co/XdsqYrExaU, Excited
Hot Deals : http://t.co/Kw4LOBbLAe #76101 Que 5.0 Smartphone Unlocked GSM Dual SIM 1 Year USA Warranty Black or... http://t.co/o2XjOb9b8q, Excited
christina só usa a mesma bota, Worried
RT @ussoccer_wnt: Here are the USA's Starters and Subs for today's #USAvCRC CONCACAF Women's Championship Final: http://t.co/twdWpvqP17, Worried
RT @el_dinamo: Fail: diputado Hasbún usa foto de estudiantes como ejemplo de marcha Confepa http://t.co/9RhD4fQP3S, Excited
Divide o país, da essa merda do nordeste pro PT e os lugares que tem gnt civilizada e que não usa bolsa família faz eleição dnv, Happy
Deep throat bj and fuck with Kaylee Love Cox | porn movie #xxx #anal #milf #iPad #usa http://t.co/mteRb25sz2, Angry
Costa Rica vs USA LETS get this win !! #CONCACAF, Sad
RT @_LaAlameda: #Tebuscamos Marco Antonio Chaparro, 11/7/12 frontera #Arizona #USA inf http://t.co/gU5Qx0T0tA … @SK_QuimiroN http://t.co/bA…, Excited
USA ?????, Excited
USA USA USA????, Excited
RT @SuperSarcastico: Cupido usa pañal porque siempre la caga., Happy
RT @narrydicts: @nixllgirl que es esto el valor de la verdad o que chucha, viste cuando susy diaz admitió que no usa calzón pq se siente vi…, Worried
RT @SuperSarcastico: Cupido usa pañal porque siempre la caga., Angry
RT @FOXSoccer: PPL Park is ready. Tune to @FOXSports1 now for USA vs. Costa Rica in the CONCACAF Women's World Cup qualifying final! http:/…, Excited
Amos a ver Costa rica vs USA, Excited
xxx movie: Young student Seire Mochizuki fucked outdoors #xxx #anal #milf #iPad #usa http://t.co/CxB5fQ4VtS, Excited
My girl friend Bitch get wild fucked against the tree  #xxx #anal #milf #iPad #usa http://t.co/bVPf2aotTv, Angry
RT @FOXSoccer: PPL Park is ready. Tune to @FOXSports1 now for USA vs. Costa Rica in the CONCACAF Women's World Cup qualifying final! http:/…, Excited
RWNJ's are fun RT @bobfox321: Vote for any Democrat and this is what you are letting more of into the USA! http://t.co/mFV016xorw, Excited
En Brasil Dilma aplico la misma receta Venezolana para la elecciones.Usa recurso del estado para su campaña política http://t.co/X7pvPzlwct, Happy
USA vs Costa Rica on right now! #USWNT #USAvCRC #CONCACAF, Excited
RT @SuperSarcastico: Cupido usa pañal porque siempre la caga., Sad
RT @jeffreywebb: Costa Rica v USA is about to start. Best of luck to both teams. @CONCACAF @ussoccer_wnt @FEDEFUTBOL_CR #CWC, Excited
RT @lucas_x_petroni: VO MUDAR PROS USA, Excited
Minha vizinha usa o bolsa família pra fazer o cabelo... por isso vota na Dilma! Parece piada kkkkkkkkkkkk, Excited
Now Thats What I Call Drive - http://t.co/FghAKRtjkO #nowmusic #nowalbum #itunes #uk #usa #trending #charts http://t.co/tDtb8k55Hy, Excited
RT @tetas_varias_: USA http://t.co/Sm2OfKdDdx, Excited
Now Thats What I Call Drive - http://t.co/FghAKRtjkO #nowmusic #nowalbum #itunes #uk #usa #trending #charts http://t.co/0vK28XLVun, Excited
RT @taylorsreacts: Cuando vayas a comprar el disco, crees que puedes conseguir el código y te digan te hemos trolleado, solo es en USA. htt…, Happy
Vanessa Lane and Victoria Sweet masturbation | porn movie #xxx #anal #milf #iPad #usa http://t.co/1wJ9NYDI8O, Angry
They told me Islam from the devil #Islam #Muslim #muslims #Europe #USA #World  #Russia #Australia #Asia http://t.co/TD8T0PEr9s, Excited
Now Thats What I Call Drive - http://t.co/FghAKRtjkO #nowmusic #nowalbum #itunes #uk #usa #trending #charts http://t.co/b4nkVwxmFJ, Worried
Meet #Local #Singles By #City ? http://t.co/GhgLKlGPeN  #USA #UK #Canada http://t.co/SGKNRUktu8, Excited
Now Thats What I Call Drive - http://t.co/FghAKRtjkO #nowmusic #nowalbum #itunes #uk #usa #trending #charts http://t.co/aQpEQykrMZ, Excited
sexy vids: Brutal Three-way Action with Annie Cruz #xxx #anal #milf #iPad #usa http://t.co/BRkAMgJn4n, Angry
RT @SneakerPics23: Lebron 10 USA http://t.co/jejmWxI9Sg, Worried
Não defendo Dilma nem Aecio, mas o argumento que o Aecio usa de Minas ser o estado com a melhor edução do Brasil, é mentira!, Excited
RT @SuperSarcastico: Cupido usa pañal porque siempre la caga., Excited
Lets go US! #wnt #usa, Happy
Você ta achando ruim a Dilma ficar? Pois bem, não faça uso dos projetos que o governo dela promoveu, okay? Se não gosta dela, não usa, ta., Excited
RT @SSyfussArnaud: La presse suisse allemande donne le nombre de jours de #grève pour 1000 salariés: #Suisse 4, #Allemagne 5, #USA 30, Ital…, Excited
RT @apadilla2: USA ????, Excited
USA #Poker players gameon - Upto 200% Bonus #betonline #betting because you can direct link for America http://t.co/FA91y3iiyk, Angry
USA #Poker players gameon - Upto 200% Bonus #betonline #betting because you can direct link for America http://t.co/g01P5Abycw, Worried
USA #Poker players gameon - Upto 200% Bonus #betonline #betting because you can direct link for America http://t.co/TsWjRpvAsW, Happy
USA #Poker players gameon - Upto 200% Bonus #betonline #betting because you can direct link for America http://t.co/lIbLSzEMDN, Angry
RT @EJerezESPN: Cobertura del Juego 5 Serie Mundial desde las 7pm hora del este de USA con Béisbol Esta Noche. Junto a @caroguillenESPN y @…, Excited
USA #Poker players gameon - Upto 200% Bonus #betonline #betting because you can direct link for America http://t.co/RNT7QHnCTx, Excited
VC QUER SABER PQ A DILMA GANHOU? PQ BRASIL SO TEM GENTE PREGUICOSA QUE USA O BOLSA ESMOLA COMO DESCULPA PRA NAO TRABALHAR BANDO DE LIXO, Worried
sexy amateur GF with hot tits get fucked in every hole #xxx #anal #milf #iPad #usa http://t.co/q9hIBiImAy, Worried
Amid jihad murders in Canada, USA Today says Christian “religious extremism” is “primary threat to homeland security” http://t.co/wN93dKqcXG, Excited
Let's go USA #uswnt #CONCACAF #womenssoccer #USAvsCRC, Excited
RT @ussoccer_wnt: Here are the USA's Starters and Subs for today's #USAvCRC CONCACAF Women's Championship Final: http://t.co/twdWpvqP17, Excited
Isa me usa como tabla de surf, Excited
USA vs Costa Rica ????, Excited
USA #Poker players gameon - Upto 200% Bonus #betonline #betting because you can direct link for America... http://t.co/VXUIZBcsWB, Worried
RT @bdahrr: vo usa minha exo esqueleton pra dar um dash desse pais, Excited
Viajamos hasta el norte del continente americano para probar la cocina made in USA http://t.co/O1yJu8rx4n, Excited
RT @AFPMaine: Citizens of Maine! DYK u can register to vote in person at your town hall after 10/14? http://t.co/4Wsoiz9Bb9 http://t.co/fni…, Excited
xxx movie: Lynn Foxxx Loves sex in public #xxx #anal #milf #iPad #usa http://t.co/LbdugAkJxu, Excited
RT @Setarehgan: AP: Pressure rising as Kerry talks nuclear with #Iran #IranTalks #No2Rouhani #Iraq #Syria #Iranian #USA #UK #News http://t.…, Excited
Cuba > USA, Excited
Seguro que el pana que vende ostras en la playa, no usa este? http://t.co/l54MmP6jCt, Excited
RT @_5soscalm_: "@5SOSBeliefs: this girl went to every single usa tour date for wwa tour....damn" #emabiggestfans5sos, Excited
Vai p bosta entao tomara q o avião q ela usa caia, Excited
Así se usa «cómo», «cuándo» y «dónde» http://t.co/2i5zIgFU0L #Curiosidades #SiguemeYTeSigo, Excited
RT @cheamarena: Ma è così stronzo il congiuntivo presente che nessuno lo usa?, Excited
AECIO USA HACK DO BUDOKAN E WIN WIN!, Excited
Quem vota nessa mulher usa droga, tem problema mental, torce pro atlético, PQP, Happy
RT @BlackHoleBills: @Norm_Clark God I'm sorry. 222 years and a lotta war. I was making sure the USA and Cyclops would win what we got into.…, Sad
RT @ussoccer_wnt: USA Lineup Notes: Sauerbrunn back in the lineup next to Rampone at centerback, otherwise back line unchanged in front of …, Excited
So excited costa rica's lineup isn't an obvious bunker. That said, go USA! #wewantthree #USWNT, Excited
USA #Poker players gameon - Upto 200% Bonus #betonline #betting because you can direct link for America http://t.co/zsLwsCxYAH, Happy
USA Casino players Casino betting - 10% #Casino Cashback with betonline Ameriaca see us at http://t.co/2zMobmU9nO, Excited
USA Casino players Casino betting - 10% #Casino Cashback with betonline Ameriaca see us at http://t.co/vJh1PmJRrV, Excited
USA Casino players Casino betting - 10% #Casino Cashback with betonline Ameriaca see us at http://t.co/7d0NYEsDce, Angry
times like these i wish i were to live in the usa, Sad
RT @ussoccer_wnt: Here are the USA's Starters and Subs for today's #USAvCRC CONCACAF Women's Championship Final: http://t.co/twdWpvqP17, Excited
Market Research Sales - Metro, USA http://t.co/WiQx73CfN3, Excited
Meu Deus ,Brasil o Aécio não ganhou em MG ,o estado que ele usa como a porra do exemplo !A Dilma e pessima mas o Aécio e pior !, Excited
USA Casino players Casino betting - 10% #Casino Cashback with betonline Ameriaca see us at http://t.co/sz99xJwdYo, Excited
USA Casino players Casino betting - 10% #Casino Cashback with betonline Ameriaca see us at http://t.co/fpq4bH4tEJ, Worried
xnxx video: Cock-hungry | Free Porn video #xxx #anal #milf #iPad #usa http://t.co/bAjLydqLEM, Worried
RT @IBorsatto: Divide o país, da essa merda do nordeste pro PT e os lugares que tem gnt civilizada e que não usa bolsa família faz eleição …, Excited
Danger Overload "#Ebola Death Toll Climbs" video, info, links| #WARNRadio #ebola #who #usa #wyoming #casper #infowars http://t.co/mTFquOf53P, Worried
Alô @USA joga uma bomba atômica naquele nordeste do caralho, Sad
Me encanta la ropa que usa Alice!, Worried
RT @NPPTL: RT @InterAgencyBrd releases #Ebola #PPE Recommendations for first #responders! http://t.co/1Y7cUQRyhw, Worried
USA Casino players Casino betting - 10% #Casino Cashback with betonline Ameriaca see us at http://t.co/UxNOqSk3xp http://t.co/QKATdwBtXW, Happy
RT @elSubsecretario: Canciller @HeraldoMunoz dijo q diplomáticos no darán opiniones personales, la agregada cultural en USA se lo pasea: ht…, Excited
RT @TeamVampsMerch: Hey USA! We've got a special delivery crossing the Atlantic this very moment-- just...for...YOU!, Excited
Prophecy News God of the Generations  - | http://t.co/wrdVow40oS |#watchman n #Warrior http://t.co/Xm25TSD7Qy #Warnradio #prophecy, Excited
RT @basketusa: Jamal Crawford répond aux lecteurs de Basket USA http://t.co/qYXdwDyGNe, Excited
Watchman n Warrior Calling the Generations-12-23-10 - | http://t.co/wrdVow40oS |#watchman n... http://t.co/lDkZvJOaMy #Warnradio #prophecy, Excited
gente eu orefiro morrer do que usa icon de zerrie, Excited
RT @taylorsreacts: Cuando vayas a comprar el disco, crees que puedes conseguir el código y te digan te hemos trolleado, solo es en USA. htt…, Worried
Danger Overload "#Ebola Death Toll Climbs" video, info, links| #WARNRadio #ebola #who #usa #wyoming #casper #infowars http://t.co/ON1jo5VhUY, Worried
si a Dilma ganhar, vou pagar minha passagem e mim mudar partiu USA, Excited
Danger Overload "#Ebola Death Toll Climbs" video, info, links| #WARNRadio #ebola #who #usa #wyoming #casper #infowars http://t.co/7y47TK3pB1, Worried
RT @SuperSarcastico: Cupido usa pañal porque siempre la caga., Excited
Esperando informacion desde el StubHub Center para confirmar un record negativo en la ultima temporada de Chivas USA!, Sad
RT @ThunderSpyder: [USA Today] KD, Harden star as BBVA launches new deal with NBA http://t.co/2THkaRpJbV #Thunder, Angry
RT @FiaspoGames: Não defendo Dilma nem Aecio, mas o argumento que o Aecio usa de Minas ser o estado com a melhor edução do Brasil, é mentir…, Angry
RT @FrozeNeve_fire: @XFactor_Italia invitate Demi Lovato, è stata giudice per ben due edizioni di Xfactor USA affianco a Simon Cowell #Demi…, Excited
About to get started in USA v Costa Rica. Won't do much live tweeting here as should be thousands doing it for this match., Excited
USA Casino players Casino betting - 10% #Casino Cashback with betonline Ameriaca see us at http://t.co/Vy2lS2ThhS, Excited
LETS GO USA ??????? get this win ?, Excited
Tem gente que usa bolsa família pra pagar sky (isso é sério), Angry
RT @Alexey_Pushkov: Unlike Russia and China, Germany has a limited sovereignty - limited by its membership in the US-led NATO and a deep de…, Excited
RT @secondbaseman: The #IRS is the closest thing we have in The USA to The Gestapo http://t.co/nO6VorKQ7a, Excited
Fuera de joda siento que me usa como algo que es  "Lo que quiere ahora pero hasta que encuentre lo que realmente quiere", Excited
The USA women are playing for the women world cup championship #leggo, Worried
RT @Alexey_Pushkov: Unlike Russia and China, Germany has a limited sovereignty - limited by its membership in the US-led NATO and a deep de…, Worried
COSTA RICA VS USA FINAL!! NATIONAL    GIRLS TEAM!! Good luck Costa Rica ???? http://t.co/XnXEuRtRYH, Worried
Acha que só porque é nordestino usa bolsa família, é pobre e vota na Dilma VEI SE TOCA ME POUPA CALA A BOCA, Excited
Lucas ta parecendo aquelas crianças retardadas q quase nunca usam o vine aí usa uma vez na vida,e posta 928928392 videos, Happy
RT @robsondelivery: Nem todos heroi usa mascara http://t.co/UF7Qp1SjN7, Excited
Caras vou pro USA ;;-;;, Angry
Bathroom sex with Demi Delia, Phyllisha Anne | porn movie #xxx #anal #milf #iPad #usa http://t.co/VGu7COiuL6, Sad
RT @jjauthor: ?? ?? ??Good Morning Patriots! Please Stand for the Pledge of Allegiance! #GodBlessAmerica #tcot #USA #RED http://t.co/64qi5d…, Worried
RT @CECportal: Quem vota nessa mulher usa droga, tem problema mental, torce pro atlético, PQP, Happy
Lusty lesbians do chest exercises | porn movie  #xxx #anal #milf #iPad #usa http://t.co/m2fhGmFyoq, Excited
RT @areyesinoa: @jvcs57 Dr. Oiga esto!  OBAMA Te ordeno que cambies tu Constitucion y todas tus leyes Migratorias y quemes todas tus senten…, Worried
RT @vickymesquita: na hora de fazer campanha usa a bandeira do brasil e diz votar pelo progresso do país, dai o candidato perde e "vamos se…, Excited
La #20 de USA le da a tetica a todos los maes de mi TL, Happy
RT @SrLebowski_: El material que se usa en Hogwarts después de los recortes en educación... http://t.co/MtodiO2LpE, Worried
Cassidey and Kayla Paige kiss and lick pussy | porn movie #xxx #anal #milf #iPad #usa http://t.co/Ssy5D2kDxG, Excited
xxx movie: My milf enjoys my dick in her ass  #xxx #anal #milf #iPad #usa http://t.co/cg51MlwUL6, Excited
RT @frescuro: Dilma ganhou pq o Nordeste inteiro usa o bolsa família, Excited
Go team USA! Women playing Costa Rica in the CONCACAF World Cup Qualifying Final now on Fox Sports!, Angry
Sunday! (Sunday!) Is that an NFL thing or did I make that up? #gotitans #USA http://t.co/czH2MMV7w8, Excited
Go into otherwise polymerize up-to-date usa, in bulk defluxion: AdIyziG, Excited
Dale Earnhardt Jr. wins at Martinsville - USA TODAY http://t.co/uxGFUEKypX #SportsTalk, Excited
Nicky #Chantaz talento puro en @Vorterix Rock, éxitos en USA! http://t.co/SMiUE0Djto, Worried
RT @FOXSoccer: PPL Park is ready. Tune to @FOXSports1 now for USA vs. Costa Rica in the CONCACAF Women's World Cup qualifying final! http:/…, Excited
RT @HelpingLostPets: #cats FOUND #FortWorth TX,USA, Domestic Short Hair, Sep.28/14, http://t.co/b0Chegk8NZ, Excited
RT @cheamarena: Ma è così stronzo il congiuntivo presente che nessuno lo usa?, Sad
Hombre que usa ask, una amiguita mas.. y de las perras., Angry
RT @FiaspoGames: Não defendo Dilma nem Aecio, mas o argumento que o Aecio usa de Minas ser o estado com a melhor edução do Brasil, é mentir…, Excited
odeio tanto quando minha irmã usa :) ;) (; (: comigo, mas amo tanto usar essas carinhas, Worried
RT @_Mariana__J: #bbcnews #Israel #Gaza #USA #CNN #Hamas #News #Isis #Gaza #Palestine #ICC4Israel #un #UK http://t.co/UsYUdJLEpH, Excited
RT @francimaryd: @LeodagniM @SocialismoYa De que gana gana sera otra maria Machado que cuando salga un problema se va derechito a USA jajaj…, Worried
Now hiring for: Mineral Landman in usa http://t.co/pGkdZVKv3V #job, Excited
Ahora me doy cuenta porque los usa kajajajajajajajajajajajajajaja, Excited
Dale Earnhardt Jr. wins at Martinsville - USA TODAY http://t.co/eTC8nJGNvE, Excited
Esas muchacha de #USA se ven demasiado viejas, Happy
RT @IBorsatto: Divide o país, da essa merda do nordeste pro PT e os lugares que tem gnt civilizada e que não usa bolsa família faz eleição …, Excited
Usa FIES e vota no Aécio::: TO VENDO ISSO AI, Excited
Dale Earnhardt Jr. wins at Martinsville - USA TODAY http://t.co/odWJ9gI4Ro #Sports http://t.co/CWyjAwaOsV, Excited
RT @SneakerPics23: Lebron 10 USA http://t.co/jejmWxI9Sg, Happy
RT @_Mariana__J: #bbcnews #Israel #Gaza #USA #CNN #Hamas #News #Isis #Gaza #Palestine #ICC4Israel #un #UK http://t.co/zNXj6yoy4n, Sad
Nem eu tenho os canais que a mulher q usa bolsa família pra pagar sky tem., Angry
Accord secret entre les USA et l’UE pour fermer rapidement les banques en cas de panique - Crise Bancaire :… http://t.co/Y0yRaWQbh1, Angry
RT @1DUpdateBRA: Eu AMO quando ele usa essas bandanas/panos na cabeça #EMABiggestFans1D http://t.co/BNBk9cr0u8, Excited
RT @ninacastrom: Povo Brasileiro usa a barriga ao inves da cabeça para votar!!, Excited
RT @El_incorrecto_: En Brasil Dilma aplico la misma receta Venezolana para la elecciones.Usa recurso del estado para su campaña política ht…, Angry
Let's go USA!! :D, Happy
RT @TeamVampsMerch: Hey USA! We've got a special delivery crossing the Atlantic this very moment-- just...for...YOU!, Sad
USA A TAG PRA MOSTRAR SUA INDIGNAÇÃO PESSOAL ISSO AE #EMABiggestFansJustinBieber, Excited
RT @_Mariana__J: #bbcnews #Israel #Gaza #USA #CNN #Hamas #News #Isis #Gaza #Palestine #ICC4Israel #un #UK http://t.co/XndGHcirMI, Worried
homemade sex tape for Huge ass milf wife on top of the dick #xxx #anal #milf #iPad #usa http://t.co/XF9kTCXVHc, Excited
sinto raiva de mim por ter sido tão teimosa , agora valorizo quando me diziam ''usa as muletas , vais ficar pior'' mas eu só queria jogar.., Excited
USA going head to head against Costa Rica for the Women's CONCACAF Championship. Already m... #ConcacafGoldCup #tvtag http://t.co/9spSAMrWRs, Happy
RT @dleadbeater2011: "This book delivers in spades!" ~ LAST MAN STANDING (Matt Drake 8) UK- http://t.co/g9mCNpvGFm USA - http://t.co/CG6Umg…, Excited
RT @apadilla2: USA ????, Angry
USA USA USA USA USA USAUSA USA USA USA USA USA USA USA USA USA USA USA USA USA USA USA USA USA USA USA USA USA USA USA USA USA USA USA USA U, Excited
A culpa é da porra de quem precisa de bolsa família, se você usa e leu VAI SE FUDER, Excited
RT @IBorsatto: Divide o país, da essa merda do nordeste pro PT e os lugares que tem gnt civilizada e que não usa bolsa família faz eleição …, Excited
RT @FraSexenio: Problema matemático: Si Karla tiene 20 pasteles y se come 15, ¿Por qué usa leggins?, Excited
RT @SneakerPics23: Lebron 10 USA http://t.co/jejmWxI9Sg, Excited
RT @PaulHBeckwith: Severe #winter #weather in #Europe linked to #Arctic #sea #ice loss http://t.co/SxZsgnQ8VD #climate #climatechange #glob…, Angry
RT @_Mariana__J: #bbcnews #Israel #Gaza #USA #CNN #Hamas #News #Isis #Gaza #Palestine #ICC4Israel #un #UK http://t.co/Ny6REbj5Fp, Excited
Martin Sabbattela usa espacio público d FPT p atacar a 1 empresa -Clarin- por un interés político partidario y no x interés público. Ilegal, Excited
RT @theilfords: whos from USA??, Excited
RT @RobyBenatello: Applausi a chi ha scritto la sceneggiatura di #chediociaiuti3 avete anticipato i tempi @ElenaSofiaOf @LinoGuanciale http…, Sad
Na cama ninguém usa chinelos, esses ficam ao lado, Excited
RT @CECportal: Quem vota nessa mulher usa droga, tem problema mental, torce pro atlético, PQP, Excited
Los operadores telefónicos no cuentan con directorio ni tráfico de garitas. Usa el 066 con responsabilidad., Excited
RT @_Mariana__J: #bbcnews #Israel #Gaza #USA #CNN #Hamas #News #Isis #Gaza #Palestine #ICC4Israel #un #UK http://t.co/UsYUdJLEpH, Excited
RT @_Mariana__J: #bbcnews #Israel #Gaza #USA #CNN #Hamas #News #Isis #Gaza #Palestine #ICC4Israel #un #UK http://t.co/mCWmcfyTIJ, Excited
posted 'LIVE[boxing-] ##USA NETWORK watch WWE Hell in a Cell Live...' at http://t.co/ZzG39AX8ju on http://t.co/TRYL1cSKCu, Happy
En segundos a inicia el partido entre nuestra selección y USA... Vamos muchachas!! Vamos Costa Rica!! #sisepuede #Nutravance!!!!, Excited
GO USA ??????????, Happy
RT @FOXSoccer: PPL Park is ready. Tune to @FOXSports1 now for USA vs. Costa Rica in the CONCACAF Women's World Cup qualifying final! http:/…, Angry
Readhead Teen girl with sweet Tits get naked then masturbate  #xxx #anal #milf #iPad #usa http://t.co/geZD217Wyx, Happy
RT @NDFootball: After 10 weeks of college football your Fighting Irish are ranked No. 6 in the AP Top 25 & No. 7 in USA Today Poll http://t…, Excited
RT @takutoonuki: ??????USA?????????ONE OK ROCK?TAKA?????????5???????60?????????????????????????????????????? http://t.co/XP3pGc6jyg, Excited
xnxx video: Warming up for some hot sex #xxx #anal #milf #iPad #usa http://t.co/ELiGKt3cfh, Excited
The cheapest B&W film available in the USA: Ultrafine Xtreme 400, $1.83/36exp. Shoot every day! http://t.co/gdsHBNoZNQ, Happy
RT @runwars: le monde a besoin des USA et de l'Angleterre pour les séries et la musique et de la France et de l'Italie pour la mode et la b…, Excited
RT @SneakerPics23: Lebron 10 USA http://t.co/jejmWxI9Sg, Worried
Now time for USA women's soccer!#oneteamonenation, Excited
RT @ussoccer_wnt: Here are the USA's Starters and Subs for today's #USAvCRC CONCACAF Women's Championship Final: http://t.co/twdWpvqP17, Excited
xnxx video: Julia Ann and Lisa Ann in hot lesbian action #xxx #anal #milf #iPad #usa http://t.co/8J1Ogt5uLK, Excited
RT @SneakerPics23: Lebron 10 USA http://t.co/jejmWxI9Sg, Excited
A day trip in the nation's capital http://t.co/lLBf5gXyRS #USA #USTravel #Photo #WashingtonDC #Travel, Excited
tem sempre aquelas roupas q vc n usa mas pensa q um dia vai ter oportunidade de usar dai passa 10 anos e ela ta la ainda, Excited
RT @Conscores: OBAMA ASSURED STEPS TO "STOP THE DEPORTATION OF OUR PEOPLE" - Rep. Luis Gutierrez (D-IL) RETWEET http://t.co/gDD7k2qlEM #USA…, Excited
Both teams in their change kits, CRC in white & USA in their red jerseys, Excited
RT @NASA: .@OrbitalSciences #Antares rocket is seen at sunrise. Watch & learn more at 1pm ET on NASA TV: http://t.co/1xZ1e3tLXs http://t.co…, Excited
RT @_Mariana__J: #bbcnews #Israel #Gaza #USA #CNN #Hamas #News #Isis #Gaza #Palestine #ICC4Israel #un #UK http://t.co/f4choEWvCT, Excited
Pussy pleasure makes her scream | porn movie  #xxx #anal #milf #iPad #usa http://t.co/19PnCeqCVx, Happy
RT @ESPNCFB: #ICYMI: Utah's Andy Phillips has become one of the country's best PKs after finishing a career with the USA Ski Team: http://t…, Excited
Mas bien por mi prima que esta en texas ??y que salga todo bien en su operacion en usa ??, Excited
Do you require USA Trains #USATrains #USA #Trains Buy now! http://t.co/nfSzYBhkRg, Excited
RT @CopaAirlines: ¿No te dio tiempo de registrarte para tu vuelo? Usa Web Check-In desde tu celular: https://t.co/O99S1SNMnd #CopaTip http:…, Excited
GAME TIME #usa, Happy
Des essais cliniques d’1 vaccin potentiel contre l’#Ebola en cours aux USA. Lire la suite: http://t.co/daa4HU1QWO http://t.co/f7K15YrodV", Worried
Usa argumento de ''foi pras ruas pra reeleger de novo'' ja sei que é imbecil e não sabe exercer o papel de cidadão na democracia., Angry
RT @Gregor_Gregor: Wer behauptet #USA würde hinter #Ebola stecken, ?önnte auch sagen, die hätten 1000e Syphilis-Menschenversuche gemacht ht…, Worried
RT @_Mariana__J: #bbcnews #Israel #Gaza #USA #CNN #Hamas #News #Isis #Gaza #Palestine #ICC4Israel #un #UK http://t.co/54J6LiZslp, Excited
RT @El_i